id,name,ssn,phone,email,address,team_id
1,Bailee Ward,0402781920,7048321,ureinger@carter.com,64 Marconi Street,6
2,Yaritza Parker,1403757007,8204353,nkuphal@sawayn.com,Amarillo. TX 79106,9
3,Lucille Huber,0906938484,8176209,hildegard.kiehn@gmail.com,9318 Dunbar Street,17
4,Jayce Barton,2005715700,8814813,claudia63@oberbrunner.net,Port Charlotte. FL 33952,4
5,Gianna Wilkinson,0806915186,5743031,katrina86@gmail.com,628 Surrey St.,10
6,Emmalee Gordon,3005908874,5468270,roscoe13@bosco.biz,Owings Mills. MD 21117,18
7,Paul Perry,0209976651,7131483,alec.gleason@hirthe.com,346 Lafayette St.,1
8,Ashanti Combs,1311826694,8539731,fbins@yahoo.com,Pittsford. NY 14534,21
9,Salma Frye,1206935430,7886338,initzsche@heathcote.com,535 Swanson St.,28
10,Tomas Burton,2403869956,6882878,cedrick.pfeffer@hotmail.com,Beltsville. MD 20705,19
11,Jordan Patterson,0904946922,7371615,gkautzer@hotmail.com,59 E. Ridgeview St.,1
12,Larissa Massey,1407741425,5856844,kristopher60@gmail.com,Davenport. IA 52804,24
13,Ernesto Vang,0106854960,7643293,jayda.roob@powlowski.com,142 Shore Road,24
14,Briana Dickerson,2706881448,6381360,bell.towne@hotmail.com,Medford. MA 02155,24
15,Dashawn Becker,2209941668,5742804,wiegand.marlen@yahoo.com,99 Goldfield Ave.,9
16,Leah Guzman,0804983054,6436078,orlando81@yahoo.com,Satellite Beach. FL 32937,28
17,Amya Graves,0605857888,5363645,alisa27@hansen.com,19 Pheasant Court,29
18,Allan Ryan,1911924885,6623839,chaya79@keeling.info,Lenoir. NC 28645,23
19,Tiffany Cooley,1311965489,5413812,tess63@gaylord.com,39 Main St.,7
20,Gillian Coffey,2303961336,5373917,edaniel@oberbrunner.com,Middle River. MD 21220,23
21,Eleanor Sellers,2907841005,7449085,pboyer@hotmail.com,7634 South Campfire St.,1
22,Susan Gibson,2209704874,5518703,blesch@hotmail.com,Valdosta. GA 31601,9
23,Kallie George,0904811032,6627467,grayson.borer@hotmail.com,8796 Longfellow St.,6
24,Gabriella Arroyo,0103958917,6761493,cbruen@gmail.com,Chapel Hill. NC 27516,5
25,Tyshawn Davila,1702896289,8298352,nico.dare@gmail.com,42 East Ridgewood Rd.,22
26,Noemi Barr,1202892949,5984435,hilma.beatty@yahoo.com,Circle Pines. MN 55014,16
27,Sergio Benton,0201731234,8657988,alaina.mccullough@durgan.info,7463 Pin Oak Ave.,12
28,Anahi Bray,1402773676,6538584,vcollier@hotmail.com,Suffolk. VA 23434,12
29,Pedro Dean,1310748253,5275016,toy.gerald@hotmail.com,7767 Rose Ave.,22
30,Isiah Oliver,1704853734,7917077,eloisa.jenkins@stanton.com,Scotch Plains. NJ 07076,9
31,Libby Preston,0110731363,8268048,ankunding.jaquelin@mcdermott.info,95 NW. Edgefield Dr.,10
32,Enzo Richards,1005811079,5965965,oaufderhar@yahoo.com,Ozone Park. NY 11417,7
33,Miriam Wiley,2502861844,5633423,zgibson@yahoo.com,7430 East Walt Whitman Court,12
34,Aidan Guerra,1306988132,8141325,melyna06@brown.net,Apple Valley. CA 92307,28
35,Leonidas Garcia,0304957202,8891144,bertrand.herman@yahoo.com,9940 W. Augusta Ave.,25
36,Kaila Patrick,2109762106,6381682,odie.rau@west.com,Fishers. IN 46037,16
37,Karson Banks,1202708135,7194572,judy.bartell@yahoo.com,82 Pilgrim Drive,21
38,Bruce Landry,1707839481,8558488,ryann.grady@christiansen.biz,Zionsville. IN 46077,14
39,Dulce Burch,0707844365,5601747,eokeefe@bailey.org,8353 Manchester Road,13
40,Aurora Riggs,1509723469,7863687,smitham.beatrice@shanahan.com,Hinesville. GA 31313,13
41,Alvaro Tran,1202857345,8937636,koepp.abdullah@gmail.com,52 Wild Horse Court,28
42,Ramon Monroe,1801848288,6851661,willms.antone@schulist.com,North Olmsted. OH 44070,28
43,Haiden Livingston,0708946177,8736935,angeline.ankunding@hotmail.com,39 Shadow Brook Street,14
44,Brenton Yu,0601715826,6118838,nitzsche.claudine@keeling.com,Phoenixville. PA 19460,23
45,Shania Mccoy,1805774783,6639428,verner.buckridge@gmail.com,337 Gates Street,6
46,Lamar Rocha,1710983031,5947359,deckow.cristina@okuneva.info,Centreville. VA 20120,13
47,Hugh Waller,0603861604,5465782,weissnat.dedrick@feeney.com,375 N. Arrowhead Ave.,18
48,Patrick Griffith,0208701572,7563147,magdalena.fahey@fisher.com,Union City. NJ 07087,24
49,Joy Stein,0908945094,6416599,kaela92@yahoo.com,4 Redwood St.,23
50,Kiersten Hatfield,3002797324,6645143,jamison85@yahoo.com,Waxhaw. NC 28173,25
51,Marlene Larsen,0109703993,8663823,doyle.tom@hartmann.net,7458 Airport Ave.,13
52,Michael Benton,2108757440,5327294,morar.arnulfo@wisozk.org,Tacoma. WA 98444,6
53,Alexis Wade,2807762760,7672315,raymond.hamill@walter.com,7970 N. Highland Avenue,16
54,Jaylan Irwin,0306745818,6342316,jacobs.nicholaus@yahoo.com,Pembroke Pines. FL 33028,4
55,Sidney Klein,2502748027,5642333,roberts.lilian@yahoo.com,921 Lake Dr.,3
56,Sean Ellis,0109727778,7745549,carson.koepp@yahoo.com,Westminster. MD 21157,2
57,Gabriel Barrett,0610926662,6321485,nienow.kenny@hotmail.com,9299 Lancaster Street,16
58,Roberto Bond,2901807914,6836742,kolson@huel.net,Englishtown. NJ 07726,23
59,Lukas Shaw,2401847047,8014043,larry17@yahoo.com,802 N. East Rd.,9
60,Melody Bean,2801774027,6686744,darren65@murphy.com,Cincinnati. OH 45211,18
61,Zachariah Griffin,1503797823,5375241,hayden.skiles@hotmail.com,518 Myrtle Ave.,26
62,Aleah Greer,2501788790,6052451,fnikolaus@hotmail.com,Glenside. PA 19038,3
63,Amy Wolf,0411708595,6864062,heaney.neoma@yahoo.com,705 Buckingham Drive,2
64,Kameron Mann,0703758961,6282161,feeney.ida@gmail.com,Bolingbrook. IL 60440,12
65,Kyleigh Robbins,2711715826,8191293,jett.pfannerstill@wintheiser.com,67 Nicolls Ave.,20
66,Chace Bruce,1108807633,7528763,jameson64@veum.biz,Northbrook. IL 60062,26
67,Larry Bond,1306931189,5808038,ewindler@hotmail.com,7756 Schoolhouse Dr.,3
68,Stephany Houston,0505907177,5439433,ratke.fabiola@buckridge.org,Roswell. GA 30075,14
69,Blaine Mullen,2007735017,6346298,timmy.jast@price.com,630 Young Street,19
70,Gerald Suarez,1410842427,5518200,jones.sammie@graham.com,West New York. NJ 07093,6
71,Elsa Crane,0802775588,8038052,roberts.esmeralda@hotmail.com,330 Ashley Street,14
72,Hazel Sanders,0208778185,6458532,joanne84@dietrich.com,Colonial Heights. VA 23834,27
73,Cassius Sharp,2101845169,8066956,paige.rosenbaum@hotmail.com,689 Vernon Court,17
74,Natalia Rosario,1807944958,8164315,marcella.brekke@konopelski.info,Thornton. CO 80241,10
75,Annabelle Mack,0611823578,6619940,katelynn.jerde@hotmail.com,9319 E. Gartner St.,26
76,Grace Cline,0206957112,8212106,amy.cruickshank@yahoo.com,Charleston. SC 29406,20
77,Alonso Silva,2711789317,6148463,emmanuel49@hotmail.com,7717 North Arcadia Dr.,1
78,Sophie Fischer,1406822591,6887921,ttorphy@toy.info,Independence. KY 41051,15
79,Gilbert Lloyd,2409953104,7988880,rogahn.carlo@hotmail.com,781 Rockwell Street,17
80,Randall Hess,0707956291,6456577,koelpin.novella@reichert.biz,Johnson City. TN 37601,13
81,Christopher Wyatt,1009812637,6871851,rosanna90@hotmail.com,8885 Anderson Court,17
82,Virginia Salazar,1501943880,7592991,jaquan28@hotmail.com,Appleton. WI 54911,16
83,Bailey Miller,2010958705,8603542,dena78@hotmail.com,8300 Brickell St.,22
84,Jonathon Wolf,1402835710,5916245,kylie.bruen@moore.org,Smithtown. NY 11787,11
85,Kamora Mcintyre,0910918410,8252083,ruby46@hotmail.com,7531 George St.,14
86,Luna Hebert,1505849827,6138383,terry.milan@yahoo.com,Sunnyside. NY 11104,8
87,Javier Morris,1909724327,5696089,antwon.emmerich@gmail.com,8582 Temple Dr.,14
88,Elijah Paul,1709796853,7985169,ottis.raynor@gmail.com,Inman. SC 29349,3
89,Georgia Bird,0304903359,6643753,icie86@yahoo.com,8006 Walnut Ave.,28
90,Anika Barr,1501779784,7038780,maybelle13@champlin.com,Jackson Heights. NY 11372,24
91,Alma Frost,2202706507,8215103,lauriane48@murazik.com,9045 Locust Lane,3
92,Amiyah Avila,1709912335,7265136,robin56@gleason.org,Brownsburg. IN 46112,14
93,Damion Winters,1806958502,6998571,duncan73@yahoo.com,924 East Elizabeth Ave.,9
94,Glenn Evans,0402746979,8495513,jenifer.mckenzie@yahoo.com,Peachtree City. GA 30269,1
95,Davin Hughes,2404835991,6975394,petra.damore@gmail.com,8289 Princeton Street,13
96,Jace Burke,0707832718,6189986,raymond00@ryan.com,Raleigh. NC 27603,7
97,Riya Walls,0509742260,8165463,ignacio04@hotmail.com,9416 Wood Ave.,6
98,Ishaan Hicks,1906911488,8295909,conner.koepp@gmail.com,Basking Ridge. NJ 07920,26
99,Isai Benton,0109826701,6077319,lupe.padberg@gmail.com,8317 N. Liberty St.,6
100,Elle Myers,2502706101,6315560,afadel@gmail.com,Danvers. MA 01923,12
101,Kathleen Frye,0707937983,7597148,heather42@pagac.com,9691 Dogwood Street,26
102,Jazmyn Kelley,1601782328,6749183,tomasa29@klein.org,East Haven. CT 06512,24
103,Terry Patterson,2203717088,5636157,jerry26@ortiz.com,308 Santa Clara St.,26
104,Cason Hodge,1503824820,5528812,amy43@simonis.com,Glen Allen. VA 23059,26
105,Victoria Herring,2109793086,8926335,edyth.ankunding@hotmail.com,698 Deerfield Dr.,25
106,Dominique Case,2503723373,5266717,frau@johns.com,Vista. CA 92083,22
107,Amina Wells,2211943890,5635841,tomas.schimmel@yahoo.com,996 Hanover St.,1
108,Carmelo Cole,1410813479,7339742,treutel.nelle@rutherford.com,Ridgefield. CT 06877,6
109,Eric Morton,1806789303,7608549,lavina11@braun.com,978 Sunset Drive,7
110,Danna Roach,3007765776,8092974,gwiza@strosin.biz,Hoffman Estates. IL 60169,1
111,Bruno Graham,0205933230,6341633,jorge.beier@bailey.info,8337 Selby Street,18
112,Ernest Gonzales,2401947453,6482932,guillermo.thompson@sauer.info,Laurel. MD 20707,17
113,Talan Francis,1805967307,8042819,nbode@legros.com,859 East Lane,4
114,Beckham Aguirre,1403909568,7489671,pruecker@senger.com,Queensbury. NY 12804,26
115,Alan Soto,2806715115,7018337,ckris@king.info,7068 Carriage Street,17
116,Triston Rivas,1204949522,8978625,scot95@jacobi.biz,Providence. RI 02904,17
117,Kai Chapman,2509877938,7328291,vwillms@ortiz.biz,9976 Myers Street,22
118,Kirsten Harper,0707813047,8146917,pagac.darlene@yahoo.com,Ann Arbor. MI 48103,18
119,Trevon Carey,2411893555,7764727,renner.margie@hotmail.com,513 Canterbury Dr.,27
120,Noe Massey,2409965367,7947925,pfritsch@gmail.com,Aliquippa. PA 15001,2
121,Damien Mosley,2106948318,8639818,unader@grant.net,756 Lilac Lane,11
