id,name,address,start_date,end_date,organizer,organizer_number
234,Stanley Cup Payoffs,Bell Centre 1909,10/05/23,19/07/23,NHL,34
234,Stanley Cup Payoffs,Bell Centre 1909,10/05/23,19/07/23,NHL,34
3,RU Open,Menntavegur 1,"['20', '12', '2022']","['22', '12', '2022']",Gylfi,4536363
4,Shellmotid,Vestmaneyjum 1,"['10', '12', '2022']","['12', '12', '2022']",Hjortur,8385757
5,tourney,stykkish√≥lmur 1,"['13', '12', '2022']","['15', '12', '2022']",Siggi,7997799
6,tourney 2022,location 0,"['14', '12', '2022']","['15', '12', '2022']",sdfkljsdf,9876543
7,Brad's darts,Skor 12,"['11', '12', '2023']","['22', '12', '2023']",Brad Pitt,4444444
8,Liv's tour,Bullseye 2,"['08', '11', '2023']","['11', '11', '2023']",Liv Suzuki,1020304
9,Jizz Jazz,Leos place 3,"['31', '02', '2023']","['01', '03', '2023']",Leo,1111111
